<table style="width:100%;" cellpadding="1" cellspacing="0" border="2" bordercolor="#337FE5">
<tr><td style="border:none;padding:18px;">
	<table style="width:100%;font-family:&quot;微软雅黑&quot;,&quot;sans-serif&quot;;" border="0">
	<tr><td style="border:none;padding:12px;">
		<p align="right" style="text-align:right;font-size:24pt;">[[appname]]</p>
	</td></tr>
	<tr><td style="border:none;padding:12px;">
		<p align="left" style="text-align:left;font-size:18pt;">{0}</p>
	</td></tr>
	<tr><td style="border:none;padding:12px;">
		<p align="left" style="text-align:left;"><span>[[greeting]]&nbsp;{1}:</span></p>
	</td></tr>
	<tr><td style="border:none;padding:12px;">
		<p align="left" style="text-align:left;"><span>
			如需重置密码，请点击以下链接<br/><a href="{2}">{0}</a>
		</span></p>
	</td></tr>
	<tr><td style="padding:12px;border-top:thin dashed;">
		<span align="left" style="font-size:9.0pt;font-weight:bold;color:gray;mso-no-proof:yes">
		    [[signature]]
		</span>
	</td></tr>
	<tr><td style="padding:12px;">
		<span align="left" style="font-size:9.0pt;color:gray;mso-no-proof:yes">
		    [[attention]]
		  <a href="mailto:{3}">{3}</a>
		</span>
	</td></tr>
	</table>
</td></tr>
</table>